{"count":1,"gauges":{"TankLearning.CumulativeReward":{"count":32,"max":2.81099939,"min":-5.10749531,"value":-3.002,"weightedAverage":-3.430112}},"self":21.7226304,"total":21.903012999999998,"children":{"AgentSendState":{"count":1085,"self":0.057687999999999996,"total":0.071412,"children":{"CollectObservations":{"count":421,"self":0.013724,"total":0.013724,"children":null}}},"DecideAction":{"count":1085,"self":0.025634999999999998,"total":0.025634999999999998,"children":null},"AgentAct":{"count":1085,"self":0.082467,"total":0.082467,"children":null}}}