{"count":1,"gauges":{"TankLearning.CumulativeReward":{"count":2448,"max":-0.0005,"min":-17.7396641,"value":-0.004,"weightedAverage":-1.95030975}},"self":12.644784,"total":17.054529,"children":{"AgentSendState":{"count":841,"self":0.19554,"total":0.332048,"children":{"CollectObservations":{"count":10168,"self":0.136508,"total":0.136508,"children":null}}},"DecideAction":{"count":841,"self":2.8596399999999997,"total":3.484209,"children":{"RayPerceptionSensor.Perceive":{"count":10168,"self":0.62456899999999993,"total":0.62456899999999993,"children":null}}},"AgentAct":{"count":841,"self":0.592437,"total":0.592437,"children":null}}}