{"count":1,"gauges":{"TankLearning.CumulativeReward":{"count":20,"max":1,"min":-1,"value":-1,"weightedAverage":-0.1303918}},"self":65.7835072,"total":74.099019,"children":{"AgentSendState":{"count":3692,"self":1.528784,"total":4.6111059999999995,"children":{"CollectObservations":{"count":23648,"self":0.460144,"total":0.460144,"children":null},"CollectDiscreteActionMasks":{"count":23648,"self":0.348781,"total":0.348781,"children":null},"RayPerceptionSensor.Perceive":{"count":22170,"self":2.273397,"total":2.273397,"children":null}}},"DecideAction":{"count":3692,"self":3.0844,"total":3.2280349999999998,"children":{"RayPerceptionSensor.Perceive":{"count":1478,"self":0.14363499999999998,"total":0.14363499999999998,"children":null}}},"AgentAct":{"count":3692,"self":0.47545299999999996,"total":0.47545299999999996,"children":null}}}