{"count":1,"gauges":{"TankLearning.CumulativeReward":{"count":252,"max":1,"min":-1,"value":-1,"weightedAverage":-0.406580538}},"self":177.4013056,"total":229.71816199999998,"children":{"AgentSendState":{"count":11452,"self":5.85201,"total":10.478062,"children":{"CollectObservations":{"count":219936,"self":2.536272,"total":2.536272,"children":null},"CollectDiscreteActionMasks":{"count":219936,"self":2.0897799999999997,"total":2.0897799999999997,"children":null}}},"DecideAction":{"count":11452,"self":24.0031984,"total":36.738741,"children":{"RayPerceptionSensor.Perceive":{"count":219936,"self":12.7355424,"total":12.735541999999999,"children":null}}},"AgentAct":{"count":11452,"self":5.0991792,"total":5.0991789999999995,"children":null}}}