{"count":1,"gauges":{"TankLearning.CumulativeReward":{"count":264,"max":0,"min":0,"value":0,"weightedAverage":0}},"self":395.59267839999995,"total":447.682532,"children":{"AgentSendState":{"count":22380,"self":15.9577376,"total":47.415948,"children":{"CollectObservations":{"count":295416,"self":3.3994312,"total":3.399431,"children":null},"CollectDiscreteActionMasks":{"count":295416,"self":3.082019,"total":3.082019,"children":null},"RayPerceptionSensor.Perceive":{"count":295416,"self":24.97676,"total":24.97676,"children":null}}},"DecideAction":{"count":22380,"self":0.44389599999999996,"total":0.44389599999999996,"children":null},"AgentAct":{"count":22380,"self":4.2082168,"total":4.228853,"children":{"RayPerceptionSensor.Perceive":{"count":264,"self":0.020635999999999998,"total":0.020635999999999998,"children":null}}}}}