{"count":1,"gauges":{"TankLearning.CumulativeReward":{"count":736,"max":17.3917713,"min":-88.20461,"value":0.5161314,"weightedAverage":-1.73069286}},"self":308.9257216,"total":830.563858,"children":{"AgentSendState":{"count":233267,"self":29.5768192,"total":136.825087,"children":{"CollectObservations":{"count":747023,"self":10.4035856,"total":10.403585999999999,"children":null},"AgentInfo.ToProto":{"count":747023,"self":19.6130752,"total":96.844681,"children":{"GenerateSensorData":{"count":747023,"self":25.9448784,"total":77.231606,"children":{"RayPerceptionSensor.Perceive":{"count":747023,"self":51.2867264,"total":51.286727,"children":null}}}}}}},"DecideAction":{"count":233267,"self":369.5585024,"total":369.558499,"children":null},"AgentAct":{"count":233267,"self":15.156833599999999,"total":15.253447,"children":{"AgentInfo.ToProto":{"count":736,"self":0.019868,"total":0.096613999999999992,"children":{"GenerateSensorData":{"count":736,"self":0.024812999999999998,"total":0.076746,"children":{"RayPerceptionSensor.Perceive":{"count":736,"self":0.051933,"total":0.051933,"children":null}}}}}}}}}