{"count":1,"self":1976.8283136,"total":37993.99744,"children":{"InitializeSensors":{"count":9056,"self":0.20743299999999998,"total":0.20743299999999998,"children":null},"AgentSendState":{"count":10180201,"self":59.182976,"total":376.29211699999996,"children":{"CollectObservations":{"count":4072146,"self":9.4665312,"total":9.466531,"children":null},"CollectDiscreteActionMasks":{"count":4072146,"self":6.7779951999999994,"total":6.777995,"children":null},"RequestDecision":{"count":4072146,"self":18.375951999999998,"total":300.86461299999996,"children":{"AgentInfo.ToProto":{"count":4072146,"self":25.9228144,"total":282.488661,"children":{"GenerateSensorData":{"count":4072146,"self":80.536057599999992,"total":256.56584599999996,"children":{"RayPerceptionSensor.Perceive":{"count":4072146,"self":176.0297856,"total":176.029787,"children":null}}}}}}}}},"DecideAction":{"count":10180201,"self":35532.0168448,"total":35532.017102,"children":null},"AgentAct":{"count":10180201,"self":107.2332096,"total":107.308549,"children":{"AgentInfo.ToProto":{"count":1030,"self":0.006996,"total":0.075339,"children":{"GenerateSensorData":{"count":1030,"self":0.020197,"total":0.068343,"children":{"RayPerceptionSensor.Perceive":{"count":1030,"self":0.048145999999999994,"total":0.048145999999999994,"children":null}}}}}}},"AgentInfo.ToProto":{"count":19345,"self":0.146897,"total":1.341939,"children":{"GenerateSensorData":{"count":19345,"self":0.418466,"total":1.195042,"children":{"RayPerceptionSensor.Perceive":{"count":19345,"self":0.77657599999999993,"total":0.77657599999999993,"children":null}}}}}},"gauges":{"TankLearning.CumulativeReward":{"count":11327,"max":1,"min":-1,"runningAverage":0.5320908,"value":-1,"weightedAverage":0.359960079}},"metadata":{"timer_format_version":"0.1.0","start_time_seconds":"1598227217","unity_version":"2019.2.9f1","command_line_arguments":"\/home\/daniel\/Escritorio\/TFG\/tanks.x86_64 --mlagents-port 5006 -logFile \/media\/daniel\/Archivos\/EscritorioLinux\/ml-agents-release_4\/results\/dosContraDos3\/run_logs\/Player-1.log","communication_protocol_version":"1.0.0","com.unity.ml-agents_version":"1.2.0-preview","scene_name":"EquiposScene","end_time_seconds":"1598265211"}}1598265211"}}