{"count":1,"gauges":{"TankLearning.CumulativeReward":{"count":3653,"max":1,"min":-1,"value":0,"weightedAverage":-0.113114357}},"self":154.7483904,"total":6740.941374,"children":{"AgentSendState":{"count":214417,"self":16.74064,"total":226.415079,"children":{"CollectObservations":{"count":1718557,"self":8.634636,"total":8.634636,"children":null},"CollectDiscreteActionMasks":{"count":1718557,"self":3.7360968,"total":3.736097,"children":null},"AgentInfo.ToProto":{"count":1718557,"self":9.8117375999999989,"total":197.30370599999998,"children":{"GenerateSensorData":{"count":1718557,"self":46.2903424,"total":187.49196799999999,"children":{"RayPerceptionSensor.Perceive":{"count":1718557,"self":141.2016256,"total":141.201625,"children":null}}}}}}},"DecideAction":{"count":214417,"self":6336.9109504,"total":6336.9109739999994,"children":null},"AgentAct":{"count":214417,"self":22.1906528,"total":22.280354,"children":{"AgentInfo.ToProto":{"count":795,"self":0.0052499999999999995,"total":0.089700999999999989,"children":{"GenerateSensorData":{"count":795,"self":0.019830999999999998,"total":0.084451,"children":{"RayPerceptionSensor.Perceive":{"count":795,"self":0.06462,"total":0.06462,"children":null}}}}}}},"AgentInfo.ToProto":{"count":4462,"self":0.043115,"total":0.585471,"children":{"GenerateSensorData":{"count":4462,"self":0.136633,"total":0.542356,"children":{"RayPerceptionSensor.Perceive":{"count":4462,"self":0.405723,"total":0.405723,"children":null}}}}}}}ull}}}}}}}ren":null}}}}}}}}}}}}}}}l}}}}}}}