{"count":1,"gauges":{"TankLearning.CumulativeReward":{"count":13300,"max":1,"min":-1,"value":1,"weightedAverage":0.07995673}},"self":169.00546559999998,"total":4119.7505089999995,"children":{"AgentSendState":{"count":291601,"self":18.5426096,"total":249.410813,"children":{"CollectObservations":{"count":1866272,"self":9.24448,"total":9.24448,"children":null},"CollectDiscreteActionMasks":{"count":1866272,"self":4.2356511999999995,"total":4.235651,"children":null},"AgentInfo.ToProto":{"count":1866272,"self":10.8021424,"total":217.388072,"children":{"GenerateSensorData":{"count":1866272,"self":35.3469184,"total":206.58593,"children":{"RayPerceptionSensor.Perceive":{"count":1866272,"self":171.2390144,"total":171.23900999999998,"children":null}}}}}}},"DecideAction":{"count":291601,"self":3676.9128447999997,"total":3676.91281,"children":null},"AgentAct":{"count":291601,"self":22.678151999999997,"total":22.678905,"children":{"AgentInfo.ToProto":{"count":6,"self":4.2999999999999995E-05,"total":0.000753,"children":{"GenerateSensorData":{"count":6,"self":0.000104,"total":0.00071,"children":{"RayPerceptionSensor.Perceive":{"count":6,"self":0.000606,"total":0.000606,"children":null}}}}}}},"AgentInfo.ToProto":{"count":13294,"self":0.097657,"total":1.741199,"children":{"GenerateSensorData":{"count":13294,"self":0.287748,"total":1.6435419999999998,"children":{"RayPerceptionSensor.Perceive":{"count":13294,"self":1.355794,"total":1.355794,"children":null}}}}}}}999999999,"children":null}}}}}}}}}}}