{"count":1,"gauges":{"TankLearning.CumulativeReward":{"count":15762,"max":1,"min":-1,"value":-1,"weightedAverage":-0.4065934}},"self":488.8793088,"total":7138.946913,"children":{"AgentSendState":{"count":197217,"self":39.1437696,"total":485.779048,"children":{"CollectObservations":{"count":3786624,"self":16.0188128,"total":16.018812999999998,"children":null},"CollectDiscreteActionMasks":{"count":3786624,"self":9.1813696,"total":9.18137,"children":null},"AgentInfo.ToProto":{"count":3786624,"self":23.2700976,"total":421.435097,"children":{"GenerateSensorData":{"count":3786624,"self":100.44510079999999,"total":398.16499999999996,"children":{"RayPerceptionSensor.Perceive":{"count":3786624,"self":297.7199104,"total":297.7199,"children":null}}}}}}},"DecideAction":{"count":197217,"self":6121.8091008,"total":6121.8091239999994,"children":null},"AgentAct":{"count":197217,"self":40.749103999999996,"total":40.818293,"children":{"AgentInfo.ToProto":{"count":582,"self":0.0040539999999999994,"total":0.069188,"children":{"GenerateSensorData":{"count":582,"self":0.014436,"total":0.065134,"children":{"RayPerceptionSensor.Perceive":{"count":582,"self":0.050698,"total":0.050698,"children":null}}}}}}},"AgentInfo.ToProto":{"count":15180,"self":0.109166,"total":1.6590179999999999,"children":{"GenerateSensorData":{"count":15180,"self":0.43210499999999996,"total":1.549852,"children":{"RayPerceptionSensor.Perceive":{"count":15180,"self":1.117747,"total":1.117747,"children":null}}}}}}}72829999999999,"children":null}}}}}}}