{"count":1,"gauges":{"TankLearning.CumulativeReward":{"count":3164,"max":7.7616663,"min":-4.98328257,"value":-0.2469986,"weightedAverage":-0.38502565}},"self":72.5207616,"total":2046.958117,"children":{"AgentSendState":{"count":68251,"self":5.339796,"total":74.41813599999999,"children":{"CollectObservations":{"count":874659,"self":3.2302929999999996,"total":3.2302929999999996,"children":null},"AgentInfo.ToProto":{"count":874659,"self":4.5479471999999994,"total":65.848047,"children":{"GenerateSensorData":{"count":874659,"self":11.244667999999999,"total":61.3001,"children":{"RayPerceptionSensor.Perceive":{"count":874659,"self":50.0554304,"total":50.055431999999996,"children":null}}}}}}},"DecideAction":{"count":68251,"self":1886.4406528,"total":1886.440729,"children":null},"AgentAct":{"count":68251,"self":13.268955199999999,"total":13.459926999999999,"children":{"AgentInfo.ToProto":{"count":1926,"self":0.012685,"total":0.190972,"children":{"GenerateSensorData":{"count":1926,"self":0.032227,"total":0.178287,"children":{"RayPerceptionSensor.Perceive":{"count":1926,"self":0.14606,"total":0.14606,"children":null}}}}}}},"AgentInfo.ToProto":{"count":1238,"self":0.007984999999999999,"total":0.117558,"children":{"GenerateSensorData":{"count":1238,"self":0.016052999999999998,"total":0.10957299999999999,"children":{"RayPerceptionSensor.Perceive":{"count":1238,"self":0.093519999999999992,"total":0.093519999999999992,"children":null}}}}}}}