{"count":1,"gauges":{"TankLearning.CumulativeReward":{"count":20454,"max":1,"min":-1,"value":1,"weightedAverage":0.6145662}},"self":599.6796928,"total":20182.08336,"children":{"AgentSendState":{"count":625934,"self":95.93071359999999,"total":1321.315541,"children":{"CollectObservations":{"count":10922592,"self":27.5853504,"total":27.585348999999997,"children":null},"CollectDiscreteActionMasks":{"count":10922592,"self":21.8121088,"total":21.812108,"children":null},"AgentInfo.ToProto":{"count":10922592,"self":58.808384,"total":1175.987373,"children":{"GenerateSensorData":{"count":10922592,"self":438.1768704,"total":1117.178991,"children":{"RayPerceptionSensor.Perceive":{"count":10922592,"self":679.002112,"total":679.00210399999992,"children":null}}}}}}},"DecideAction":{"count":625934,"self":18173.517824,"total":18173.518507,"children":null},"AgentAct":{"count":625934,"self":85.5903872,"total":86.088432,"children":{"AgentInfo.ToProto":{"count":5100,"self":0.035004,"total":0.498042,"children":{"GenerateSensorData":{"count":5100,"self":0.14177499999999998,"total":0.463038,"children":{"RayPerceptionSensor.Perceive":{"count":5100,"self":0.32126299999999997,"total":0.32126299999999997,"children":null}}}}}}},"AgentInfo.ToProto":{"count":15354,"self":0.097943999999999989,"total":1.4803,"children":{"GenerateSensorData":{"count":15354,"self":0.49998099999999995,"total":1.382356,"children":{"RayPerceptionSensor.Perceive":{"count":15354,"self":0.88237499999999991,"total":0.88237499999999991,"children":null}}}}}}}