{"count":1,"gauges":{"TankLearning.CumulativeReward":{"count":6324,"max":1.94399941,"min":-4.753001,"value":-0.109000131,"weightedAverage":-0.221360177}},"self":168.77983999999998,"total":5040.603947,"children":{"AgentSendState":{"count":144717,"self":12.460571999999999,"total":174.187073,"children":{"CollectObservations":{"count":1854973,"self":7.0903192,"total":7.090319,"children":null},"AgentInfo.ToProto":{"count":1854973,"self":11.3111368,"total":154.636182,"children":{"GenerateSensorData":{"count":1854973,"self":26.744081599999998,"total":143.325045,"children":{"RayPerceptionSensor.Perceive":{"count":1854973,"self":116.5809664,"total":116.580963,"children":null}}}}}}},"DecideAction":{"count":144717,"self":4665.9084287999995,"total":4665.90846,"children":null},"AgentAct":{"count":144717,"self":31.0883456,"total":31.509828,"children":{"AgentInfo.ToProto":{"count":4114,"self":0.028617,"total":0.421483,"children":{"GenerateSensorData":{"count":4114,"self":0.058844999999999995,"total":0.392866,"children":{"RayPerceptionSensor.Perceive":{"count":4114,"self":0.334021,"total":0.334021,"children":null}}}}}}},"AgentInfo.ToProto":{"count":2210,"self":0.013392,"total":0.21725599999999998,"children":{"GenerateSensorData":{"count":2210,"self":0.034339,"total":0.203864,"children":{"RayPerceptionSensor.Perceive":{"count":2210,"self":0.16952499999999998,"total":0.16952499999999998,"children":null}}}}}}}":null}}}}}}}