{"count":1,"gauges":{"TankLearning.CumulativeReward":{"count":9868,"max":1,"min":-1,"value":1,"weightedAverage":0.402128935}},"self":230.83504639999998,"total":10562.948747,"children":{"AgentSendState":{"count":303417,"self":39.1971296,"total":557.54145199999994,"children":{"CollectObservations":{"count":2282456,"self":9.5110751999999987,"total":9.511075,"children":null},"CollectDiscreteActionMasks":{"count":2282456,"self":8.5941008,"total":8.594101,"children":null},"AgentInfo.ToProto":{"count":2282456,"self":23.8918976,"total":500.239146,"children":{"GenerateSensorData":{"count":2282456,"self":135.196544,"total":476.347248,"children":{"RayPerceptionSensor.Perceive":{"count":2282456,"self":341.15069439999996,"total":341.150698,"children":null}}}}}}},"DecideAction":{"count":303417,"self":9742.811136,"total":9742.810936,"children":null},"AgentAct":{"count":303417,"self":30.2779776,"total":30.318807,"children":{"AgentInfo.ToProto":{"count":194,"self":0.0013059999999999999,"total":0.040827999999999996,"children":{"GenerateSensorData":{"count":194,"self":0.009923,"total":0.039522,"children":{"RayPerceptionSensor.Perceive":{"count":194,"self":0.029599,"total":0.029599,"children":null}}}}}}},"AgentInfo.ToProto":{"count":9674,"self":0.120446,"total":1.441028,"children":{"GenerateSensorData":{"count":9674,"self":0.38478199999999996,"total":1.320582,"children":{"RayPerceptionSensor.Perceive":{"count":9674,"self":0.9358,"total":0.9358,"children":null}}}}}}}256,"children":null}}}}}}}dren":null}}}}}}}total":0.88686899999999991,"children":null}}}}}}}