{"cameraMode":{"drawMode":0,"name":"Shaded","section":"Shading Mode"},"sceneLighting":false,"audioPlay":false,"sceneViewState":{"showFog":true,"showMaterialUpdate":false,"showSkybox":false,"showFlares":true,"showImageEffects":true,"showParticleSystems":true},"in2DMode":false,"pivot":{"x":-3.9104037284851076,"y":3.7259678840637209,"z":0.8227615356445313},"rotation":{"x":-0.0031863509211689235,"y":0.9857632517814636,"z":-0.1674998253583908,"w":-0.01893218420445919},"size":41.29983139038086,"orthographic":false}