{"cameraMode":{"drawMode":0,"name":"Shaded","section":"Shading Mode"},"sceneLighting":false,"audioPlay":false,"sceneViewState":{"showFog":true,"showMaterialUpdate":false,"showSkybox":false,"showFlares":true,"showImageEffects":true,"showParticleSystems":true},"in2DMode":false,"pivot":{"x":-6.409467697143555,"y":-1.02290678024292,"z":3.6754164695739748},"rotation":{"x":0.12104470282793045,"y":-0.8564316034317017,"z":0.23315858840942384,"w":0.44454827904701235},"size":24.255617141723634,"orthographic":false}