{"cameraMode":{"drawMode":0,"name":"Shaded","section":"Shading Mode"},"sceneLighting":false,"audioPlay":false,"sceneViewState":{"showFog":false,"showMaterialUpdate":false,"showSkybox":false,"showFlares":false,"showImageEffects":false,"showParticleSystems":false},"in2DMode":false,"pivot":{"x":4.9999918937683109,"y":5.925464630126953,"z":4.76837158203125e-7},"rotation":{"x":-0.27399587631225588,"y":0.4385472536087036,"z":-0.1422441154718399,"w":-0.8441510200500488},"size":84.78570556640625,"orthographic":false}