{"cameraMode":{"drawMode":0,"name":"Shaded","section":"Shading Mode"},"sceneLighting":false,"audioPlay":false,"sceneViewState":{"showFog":true,"showMaterialUpdate":false,"showSkybox":false,"showFlares":true,"showImageEffects":true,"showParticleSystems":true},"in2DMode":false,"pivot":{"x":-1.0099999904632569,"y":0.8299999833106995,"z":-1.5299999713897706},"rotation":{"x":-0.08859115093946457,"y":0.8664909601211548,"z":-0.1660275161266327,"w":-0.4623992145061493},"size":1.1431536674499512,"orthographic":false}