{"cameraMode":{"drawMode":0,"name":"Shaded","section":"Shading Mode"},"sceneLighting":true,"audioPlay":false,"sceneViewState":{"showFog":true,"showMaterialUpdate":false,"showSkybox":true,"showFlares":true,"showImageEffects":true,"showParticleSystems":true},"in2DMode":false,"pivot":{"x":12.216814041137696,"y":0.5,"z":7.679546356201172},"rotation":{"x":0.33565548062324526,"y":-0.011306376196444035,"z":0.004036080092191696,"w":0.9419565796852112},"size":3.745910406112671,"orthographic":false}