{"cameraMode":{"drawMode":0,"name":"Shaded","section":"Shading Mode"},"sceneLighting":true,"audioPlay":false,"sceneViewState":{"showFog":false,"showMaterialUpdate":false,"showSkybox":false,"showFlares":false,"showImageEffects":false,"showParticleSystems":false},"in2DMode":false,"pivot":{"x":5.701274871826172,"y":-12.567462921142579,"z":18.109447479248048},"rotation":{"x":-0.27399587631225588,"y":0.4385472536087036,"z":-0.1422441154718399,"w":-0.8441510200500488},"size":61.041439056396487,"orthographic":false}