{"cameraMode":{"drawMode":0,"name":"Shaded","section":"Shading Mode"},"sceneLighting":false,"audioPlay":false,"sceneViewState":{"showFog":true,"showMaterialUpdate":false,"showSkybox":false,"showFlares":true,"showImageEffects":true,"showParticleSystems":true},"in2DMode":false,"pivot":{"x":-0.4340413212776184,"y":11.583953857421875,"z":0.07806777954101563},"rotation":{"x":-0.053665295243263248,"y":-0.008993185125291348,"z":-0.00045915241935290396,"w":0.9985766410827637},"size":61.35977554321289,"orthographic":false}