{"cameraMode":{"drawMode":0,"name":"Shaded","section":"Shading Mode"},"sceneLighting":false,"audioPlay":false,"sceneViewState":{"showFog":false,"showMaterialUpdate":false,"showSkybox":false,"showFlares":false,"showImageEffects":false,"showParticleSystems":false},"in2DMode":false,"pivot":{"x":-1.043386459350586,"y":-0.4572489261627197,"z":-0.038203537464141849},"rotation":{"x":-0.1339682936668396,"y":0.7354428172111511,"z":-0.15239101648330689,"w":-0.646591305732727},"size":7.4011383056640629,"orthographic":false}