{"cameraMode":{"drawMode":0,"name":"Shaded","section":"Shading Mode"},"sceneLighting":false,"audioPlay":false,"sceneViewState":{"showFog":false,"showMaterialUpdate":false,"showSkybox":false,"showFlares":false,"showImageEffects":false,"showParticleSystems":false},"in2DMode":false,"pivot":{"x":-3.0932369232177736,"y":-7.514618873596191,"z":10.905309677124024},"rotation":{"x":-0.254941463470459,"y":0.7303220629692078,"z":-0.3544784486293793,"w":-0.5255132913589478},"size":25.169145584106447,"orthographic":false}