{"cameraMode":{"drawMode":0,"name":"Shaded","section":"Shading Mode"},"sceneLighting":true,"audioPlay":false,"sceneViewState":{"showFog":false,"showMaterialUpdate":false,"showSkybox":false,"showFlares":false,"showImageEffects":false,"showParticleSystems":false},"in2DMode":false,"pivot":{"x":5.401608467102051,"y":-8.334562301635743,"z":-6.944080352783203},"rotation":{"x":-0.22549228370189668,"y":0.08524776995182038,"z":-0.01974465698003769,"w":-0.9704170227050781},"size":27.83348846435547,"orthographic":false}