{"cameraMode":{"drawMode":0,"name":"Shaded","section":"Shading Mode"},"sceneLighting":true,"audioPlay":false,"sceneViewState":{"showFog":false,"showMaterialUpdate":false,"showSkybox":false,"showFlares":false,"showImageEffects":false,"showParticleSystems":false},"in2DMode":false,"pivot":{"x":130.44664001464845,"y":-86.01100158691406,"z":-5.601039886474609},"rotation":{"x":-0.06274645775556565,"y":0.8734908699989319,"z":-0.46851015090942385,"w":-0.11705125868320465},"size":134.79376220703126,"orthographic":false}