{"cameraMode":{"drawMode":0,"name":"Shaded","section":"Shading Mode"},"sceneLighting":true,"audioPlay":false,"sceneViewState":{"showFog":false,"showMaterialUpdate":false,"showSkybox":false,"showFlares":false,"showImageEffects":false,"showParticleSystems":false},"in2DMode":false,"pivot":{"x":-3.6066157817840578,"y":0.3623523712158203,"z":-2.800424575805664},"rotation":{"x":0.4531779885292053,"y":0.05609217658638954,"z":-0.02857675589621067,"w":0.8892531991004944},"size":27.955411911010743,"orthographic":false}