{"cameraMode":{"drawMode":0,"name":"Shaded","section":"Shading Mode"},"sceneLighting":false,"audioPlay":false,"sceneViewState":{"showFog":false,"showMaterialUpdate":false,"showSkybox":false,"showFlares":false,"showImageEffects":false,"showParticleSystems":false},"in2DMode":false,"pivot":{"x":-3.3160476684570314,"y":2.823941230773926,"z":11.743189811706543},"rotation":{"x":0.038386788219213489,"y":0.12320538610219956,"z":0.0047765797935426239,"w":-0.9917067289352417},"size":17.22287368774414,"orthographic":false}