{"cameraMode":{"drawMode":0,"name":"Shaded","section":"Shading Mode"},"sceneLighting":false,"audioPlay":false,"sceneViewState":{"showFog":false,"showMaterialUpdate":false,"showSkybox":false,"showFlares":false,"showImageEffects":false,"showParticleSystems":false},"in2DMode":false,"pivot":{"x":-3.580361843109131,"y":2.9990663528442385,"z":2.9461669921875},"rotation":{"x":-0.018247148022055627,"y":0.9797441363334656,"z":-0.16951021552085877,"w":-0.10593178868293762},"size":37.015480041503909,"orthographic":false}