{"cameraMode":{"drawMode":0,"name":"Shaded","section":"Shading Mode"},"sceneLighting":false,"audioPlay":false,"sceneViewState":{"showFog":true,"showMaterialUpdate":false,"showSkybox":false,"showFlares":true,"showImageEffects":true,"showParticleSystems":true},"in2DMode":false,"pivot":{"x":4.05324649810791,"y":1.0256214141845704,"z":-2.607637405395508},"rotation":{"x":-0.23936153948307038,"y":0.03115786239504814,"z":-0.007706231903284788,"w":-0.9705060124397278},"size":33.46800994873047,"orthographic":false}