{"cameraMode":{"drawMode":0,"name":"Shaded","section":"Shading Mode"},"sceneLighting":false,"audioPlay":false,"sceneViewState":{"showFog":false,"showMaterialUpdate":false,"showSkybox":false,"showFlares":false,"showImageEffects":false,"showParticleSystems":false},"in2DMode":false,"pivot":{"x":-0.9461696147918701,"y":-1.8091702461242676,"z":-2.5404109954833986},"rotation":{"x":-0.018247148022055627,"y":0.9797441363334656,"z":-0.16951021552085877,"w":-0.10593178868293762},"size":14.45534896850586,"orthographic":false}