{"cameraMode":{"drawMode":0,"name":"Shaded","section":"Shading Mode"},"sceneLighting":false,"audioPlay":false,"sceneViewState":{"showFog":false,"showMaterialUpdate":false,"showSkybox":false,"showFlares":false,"showImageEffects":false,"showParticleSystems":false},"in2DMode":false,"pivot":{"x":4.9999918937683109,"y":5.925464630126953,"z":4.76837158203125e-7},"rotation":{"x":-0.018247148022055627,"y":0.9797441363334656,"z":-0.16951021552085877,"w":-0.10593178868293762},"size":84.78570556640625,"orthographic":false}