{"cameraMode":{"drawMode":0,"name":"Shaded","section":"Shading Mode"},"sceneLighting":false,"audioPlay":false,"sceneViewState":{"showFog":false,"showMaterialUpdate":false,"showSkybox":false,"showFlares":false,"showImageEffects":false,"showParticleSystems":false},"in2DMode":false,"pivot":{"x":4.9999918937683109,"y":5.925464630126953,"z":4.76837158203125e-7},"rotation":{"x":-0.27318161725997927,"y":-0.08584050834178925,"z":0.024554697796702386,"w":-0.957935631275177},"size":84.78570556640625,"orthographic":false}