{"cameraMode":{"drawMode":0,"name":"Shaded","section":"Shading Mode"},"sceneLighting":true,"audioPlay":false,"sceneViewState":{"showFog":false,"showMaterialUpdate":false,"showSkybox":false,"showFlares":false,"showImageEffects":false,"showParticleSystems":false},"in2DMode":false,"pivot":{"x":7.763906478881836,"y":-4.57688045501709,"z":56.247398376464847},"rotation":{"x":-0.2271312028169632,"y":-0.07530441135168076,"z":0.017564788460731508,"w":-0.970861554145813},"size":58.413875579833987,"orthographic":false}