{"cameraMode":{"drawMode":0,"name":"Shaded","section":"Shading Mode"},"sceneLighting":false,"audioPlay":false,"sceneViewState":{"showFog":true,"showMaterialUpdate":false,"showSkybox":false,"showFlares":true,"showImageEffects":true,"showParticleSystems":true},"in2DMode":false,"pivot":{"x":-0.42084312438964846,"y":-9.72845458984375,"z":-6.1840972900390629},"rotation":{"x":0.08566977828741074,"y":0.02988060936331749,"z":-0.002583765657618642,"w":0.9959126114845276},"size":67.85507202148438,"orthographic":false}