{"cameraMode":{"drawMode":0,"name":"Shaded","section":"Shading Mode"},"sceneLighting":true,"audioPlay":false,"sceneViewState":{"showFog":false,"showMaterialUpdate":false,"showSkybox":false,"showFlares":false,"showImageEffects":false,"showParticleSystems":false},"in2DMode":false,"pivot":{"x":5.936380386352539,"y":17.637855529785158,"z":-1.807326316833496},"rotation":{"x":-0.3034590780735016,"y":-0.5007529258728027,"z":0.19293834269046784,"w":-0.7874561548233032},"size":21.91098976135254,"orthographic":false}