{"cameraMode":{"drawMode":0,"name":"Shaded","section":"Shading Mode"},"sceneLighting":false,"audioPlay":false,"sceneViewState":{"showFog":false,"showMaterialUpdate":false,"showSkybox":false,"showFlares":false,"showImageEffects":false,"showParticleSystems":false},"in2DMode":false,"pivot":{"x":1.3035688400268555,"y":-0.6446719169616699,"z":-0.2632601261138916},"rotation":{"x":-0.21639613807201386,"y":0.6340019106864929,"z":-0.19106556475162507,"w":-0.7175862193107605},"size":13.381967544555664,"orthographic":false}