{"cameraMode":{"drawMode":0,"name":"Shaded","section":"Shading Mode"},"sceneLighting":false,"audioPlay":false,"sceneViewState":{"showFog":false,"showMaterialUpdate":false,"showSkybox":false,"showFlares":false,"showImageEffects":false,"showParticleSystems":false},"in2DMode":false,"pivot":{"x":-4.388689994812012,"y":-0.246003657579422,"z":-3.33388614654541},"rotation":{"x":0.011890714056789875,"y":-0.8724098801612854,"z":0.02120348997414112,"w":0.4883178770542145},"size":9.715407371520996,"orthographic":false}