{"cameraMode":{"drawMode":0,"name":"Shaded","section":"Shading Mode"},"sceneLighting":false,"audioPlay":false,"sceneViewState":{"showFog":true,"showMaterialUpdate":false,"showSkybox":false,"showFlares":true,"showImageEffects":true,"showParticleSystems":true},"in2DMode":false,"pivot":{"x":-4.453034400939941,"y":1.2171778678894044,"z":0.9973905086517334},"rotation":{"x":0.1719416379928589,"y":-0.7151135802268982,"z":0.18893125653266908,"w":0.6507200598716736},"size":1.657883882522583,"orthographic":false}