{"cameraMode":{"drawMode":0,"name":"Shaded","section":"Shading Mode"},"sceneLighting":true,"audioPlay":false,"sceneViewState":{"showFog":false,"showMaterialUpdate":false,"showSkybox":false,"showFlares":false,"showImageEffects":false,"showParticleSystems":false},"in2DMode":false,"pivot":{"x":-9.373170852661133,"y":-17.046419143676759,"z":26.53527069091797},"rotation":{"x":-0.22549228370189668,"y":0.08524776995182038,"z":-0.01974465698003769,"w":-0.9704170227050781},"size":83.95763397216797,"orthographic":false}