{
    "name": "root",
    "gauges": {
        "TankLearning.Policy.Entropy.mean": {
            "value": 0.6026293039321899,
            "min": 0.596802294254303,
            "max": 1.2345077991485596,
            "count": 583
        },
        "TankLearning.Environment.Lesson.team_1_number.mean": {
            "value": 0.0,
            "min": 0.0,
            "max": 0.0,
            "count": 583
        },
        "TankLearning.Environment.Lesson.team_0_number.mean": {
            "value": 0.0,
            "min": 0.0,
            "max": 0.0,
            "count": 583
        },
        "TankLearning.Environment.Lesson.obstacles.mean": {
            "value": 0.0,
            "min": 0.0,
            "max": 0.0,
            "count": 583
        },
        "TankLearning.Environment.EpisodeLength.mean": {
            "value": 90.37373737373737,
            "min": 53.68181818181818,
            "max": 426.2142857142857,
            "count": 582
        },
        "TankLearning.Self-play.ELO.mean": {
            "value": 17252.00478383236,
            "min": 14535.956239566387,
            "max": 17252.00478383236,
            "count": 581
        },
        "TankLearning.Policy.ExtrinsicValueEstimate.mean": {
            "value": 0.19851675629615784,
            "min": 0.004728658590465784,
            "max": 0.23680485785007477,
            "count": 583
        },
        "TankLearning.Policy.CuriosityValueEstimate.mean": {
            "value": 0.060301873832941055,
            "min": 0.059952735900878906,
            "max": 0.07699450850486755,
            "count": 583
        },
        "TankLearning.Environment.CumulativeReward.mean": {
            "value": 0.29126214301123204,
            "min": -0.10000000149011612,
            "max": 0.6315789607010389,
            "count": 581
        },
        "TankLearning.Policy.ExtrinsicReward.mean": {
            "value": 0.29126214301123204,
            "min": -0.10000000149011612,
            "max": 0.6315789607010389,
            "count": 581
        },
        "TankLearning.Policy.CuriosityReward.mean": {
            "value": 0.04738728477262431,
            "min": 0.0,
            "max": 0.31520093822230894,
            "count": 581
        },
        "TankLearning.IsTraining.mean": {
            "value": 1.0,
            "min": 1.0,
            "max": 1.0,
            "count": 583
        },
        "TankLearning.Losses.ValueLoss.mean": {
            "value": 0.006962296552956104,
            "min": 8.879764936864376e-05,
            "max": 0.016728410497307777,
            "count": 550
        },
        "TankLearning.Losses.PolicyLoss.mean": {
            "value": 0.07345569133758545,
            "min": 0.055923715233802795,
            "max": 0.2314254194498062,
            "count": 550
        },
        "TankLearning.Policy.LearningRate.mean": {
            "value": 1.9119822169955114e-08,
            "min": 1.9119822169955114e-08,
            "max": 2.906473309849389e-05,
            "count": 550
        },
        "TankLearning.Policy.Epsilon.mean": {
            "value": 0.10001902282238007,
            "min": 0.10001902282238007,
            "max": 0.1290646642446518,
            "count": 550
        },
        "TankLearning.Policy.Beta.mean": {
            "value": 1.1900082427018788e-05,
            "min": 1.1900082427018788e-05,
            "max": 0.0029135600198060274,
            "count": 550
        },
        "TankLearning.Losses.CuriosityForwardLoss.mean": {
            "value": 0.024194099009037018,
            "min": 0.023017052561044693,
            "max": 0.04537420719861984,
            "count": 550
        },
        "TankLearning.Losses.CuriosityInverseLoss.mean": {
            "value": 0.41720691323280334,
            "min": 0.37710848450660706,
            "max": 0.8313832879066467,
            "count": 550
        }
    },
    "metadata": {
        "timer_format_version": "0.1.0",
        "start_time_seconds": "1598809263",
        "python_version": "3.7.5 (default, Nov  7 2019, 10:50:52) \n[GCC 8.3.0]",
        "command_line_arguments": "/home/daniel/.local/bin/mlagents-learn config/ppo/TankLearningCurriculum.yaml --run-id equipos3 --num-envs=5 --env=/home/daniel/Escritorio/TFG/tanks.x86_64 --resume",
        "mlagents_version": "0.19.0",
        "mlagents_envs_version": "0.19.0",
        "communication_protocol_version": "1.0.0",
        "tensorflow_version": "2.3.0",
        "numpy_version": "1.18.5",
        "end_time_seconds": "1598813630"
    },
    "total": 4365.591998333999,
    "count": 1,
    "self": 6.588602677999006,
    "children": {
        "run_training.setup": {
            "total": 0.02605087000029016,
            "count": 1,
            "self": 0.02605087000029016
        },
        "TrainerController.start_learning": {
            "total": 4358.977344786,
            "count": 1,
            "self": 10.992522316703798,
            "children": {
                "TrainerController._reset_env": {
                    "total": 18.88166678901416,
                    "count": 117,
                    "self": 18.88166678901416
                },
                "TrainerController.advance": {
                    "total": 4328.5856353242825,
                    "count": 134783,
                    "self": 7.147083783705057,
                    "children": {
                        "env_step": {
                            "total": 4321.4385515405775,
                            "count": 134783,
                            "self": 2558.6845271022376,
                            "children": {
                                "SubprocessEnvManager._take_step": {
                                    "total": 1757.6270567834854,
                                    "count": 337192,
                                    "self": 51.09363566909451,
                                    "children": {
                                        "TFPolicy.evaluate": {
                                            "total": 1706.5334211143909,
                                            "count": 588527,
                                            "self": 1706.5334211143909
                                        }
                                    }
                                },
                                "workers": {
                                    "total": 5.126967654854525,
                                    "count": 134783,
                                    "self": 0.0,
                                    "children": {
                                        "worker_root": {
                                            "total": 21715.029023008366,
                                            "count": 336972,
                                            "is_parallel": true,
                                            "self": 16557.279565843302,
                                            "children": {
                                                "run_training.setup": {
                                                    "total": 0.0,
                                                    "count": 0,
                                                    "is_parallel": true,
                                                    "self": 0.0,
                                                    "children": {
                                                        "steps_from_proto": {
                                                            "total": 0.004339094000897603,
                                                            "count": 2,
                                                            "is_parallel": true,
                                                            "self": 0.0008016720012165024,
                                                            "children": {
                                                                "_process_vector_observation": {
                                                                    "total": 0.0035374219996811007,